Category,Link
Exotic Meat,https://www.blinkit.com/cn/exotic-meat/cid/4/1201
Fish & Seafood,https://www.blinkit.com/cn/fish-seafood/cid/4/1361
Chicken,https://www.blinkit.com/cn/chicken/cid/4/1362
Mutton,https://www.blinkit.com/cn/mutton/cid/4/1363
"Sausage, Salami & Ham",https://www.blinkit.com/cn/sausage-salami-ham/cid/4/1388
Dog Food & Treats,https://www.blinkit.com/cn/dog-food-treats/cid/5/133
Cat Food & Treats,https://www.blinkit.com/cn/cat-food-treats/cid/5/134
Pet Grooming & Accessories,https://www.blinkit.com/cn/pet-grooming-accessories/cid/5/403
Cat Treats,https://www.blinkit.com/cn/cat-treats/cid/5/291
Accessories & Other Supplies,https://www.blinkit.com/cn/accessories-other-supplies/cid/5/192
Dog Treat,https://www.blinkit.com/cn/dog-treat/cid/5/227
Other Pet Supplies,https://www.blinkit.com/cn/other-pet-supplies/cid/5/1466
Pet Health & Supplements,https://www.blinkit.com/cn/pet-health-supplements/cid/5/992
Pet Litter,https://www.blinkit.com/cn/pet-litter/cid/5/991
Pet Toys,https://www.blinkit.com/cn/pet-toys/cid/5/1614
Baby Diapers,https://www.blinkit.com/cn/baby-diapers/cid/7/84
Baby Feeding Needs,https://www.blinkit.com/cn/baby-feeding-needs/cid/7/169
Baby Wipes,https://www.blinkit.com/cn/baby-wipes/cid/7/996
Hygiene,https://www.blinkit.com/cn/hygiene/cid/7/85
Baby's Health & Safety Tools,https://www.blinkit.com/cn/babys-health-safety-tools/cid/7/997
Oral & Nasal Care,https://www.blinkit.com/cn/oral-nasal-care/cid/7/998
Baby Gift Hampers,https://www.blinkit.com/cn/baby-gift-hampers/cid/7/999
Diapers & Wipes,https://www.blinkit.com/cn/diapers-wipes/cid/7/1000
Baby Bathing Needs,https://www.blinkit.com/cn/baby-bathing-needs/cid/7/1001
Baby Skin & Hair Care,https://www.blinkit.com/cn/baby-skin-hair-care/cid/7/1002
Baby Food,https://www.blinkit.com/cn/baby-food/cid/7/1590
Mom Care,https://www.blinkit.com/cn/mom-care/cid/7/1967
Other Diapering Needs,https://www.blinkit.com/cn/other-diapering-needs/cid/7/1966
Nursing,https://www.blinkit.com/cn/nursing/cid/7/597
Current Affairs & Business,https://www.blinkit.com/cn/current-affairs-business/cid/851/1015
Business Bookss,https://www.blinkit.com/cn/business-bookss/cid/851/763
Current Affairs Books,https://www.blinkit.com/cn/current-affairs-books/cid/851/761
Children's Books,https://www.blinkit.com/cn/childrens-books/cid/851/649
Lifestyle Books,https://www.blinkit.com/cn/lifestyle-books/cid/851/648
Hobby Books,https://www.blinkit.com/cn/hobby-books/cid/851/1342
Architecture Books,https://www.blinkit.com/cn/architecture-books/cid/851/1430
Flavoured Yogurts,https://www.blinkit.com/cn/flavoured-yogurts/cid/9/106
Ice Cream & Frozen Dessert,https://www.blinkit.com/cn/ice-cream-frozen-dessert/cid/9/183
Indian Sweets,https://www.blinkit.com/cn/indian-sweets/cid/9/943
Chocolates,https://www.blinkit.com/cn/chocolates/cid/9/944
Chocolate Packs,https://www.blinkit.com/cn/chocolate-packs/cid/9/1173
Chocolate Syrup,https://www.blinkit.com/cn/chocolate-syrup/cid/9/1289
Candies & Gum,https://www.blinkit.com/cn/candies-gum/cid/9/1930
Mouth Fresheners,https://www.blinkit.com/cn/mouth-fresheners/cid/9/1933
Cakes and Rolls,https://www.blinkit.com/cn/cakes-and-rolls/cid/9/108
Chocolate Bars,https://www.blinkit.com/cn/chocolate-bars/cid/9/1736
Filled Bars,https://www.blinkit.com/cn/filled-bars/cid/9/1737
Wafer Chocolates,https://www.blinkit.com/cn/wafer-chocolates/cid/9/1172
Syrups,https://www.blinkit.com/cn/syrups/cid/9/1298
Vegan Drinks,https://www.blinkit.com/cn/vegan-drinks/cid/12/87
Health Drinks,https://www.blinkit.com/cn/health-drinks/cid/12/960
Herbal Drinks,https://www.blinkit.com/cn/herbal-drinks/cid/12/1109
Milk Drinks,https://www.blinkit.com/cn/milk-drinks/cid/12/1184
Coffee,https://www.blinkit.com/cn/coffee/cid/12/1322
Leaf & Dust Tea,https://www.blinkit.com/cn/leaf-dust-tea/cid/12/25
Black Tea,https://www.blinkit.com/cn/black-tea/cid/12/1561
Vegan Milk,https://www.blinkit.com/cn/vegan-milk/cid/12/948
Hot Chocolate Drink,https://www.blinkit.com/cn/hot-chocolate-drink/cid/12/90
Health Drinks & Supplements,https://www.blinkit.com/cn/health-drinks-supplements/cid/12/21
Chocolate Health Drinks,https://www.blinkit.com/cn/chocolate-health-drinks/cid/12/1106
Exotic & Flavoured Tea,https://www.blinkit.com/cn/exotic-flavoured-tea/cid/12/1562
Green Tea,https://www.blinkit.com/cn/green-tea/cid/12/1104
Roasted & Ground Coffee,https://www.blinkit.com/cn/roasted-ground-coffee/cid/12/720
Instant Coffee,https://www.blinkit.com/cn/instant-coffee/cid/12/958
Filter Coffee,https://www.blinkit.com/cn/filter-coffee/cid/12/1589
Coffee Bags,https://www.blinkit.com/cn/coffee-bags/cid/12/1105
Hair Care,https://www.blinkit.com/cn/hair-care/cid/13/77
Beauty and Makeup,https://www.blinkit.com/cn/beauty-and-makeup/cid/13/98
Eyeliner,https://www.blinkit.com/cn/eyeliner/cid/13/100
Mascara,https://www.blinkit.com/cn/mascara/cid/13/102
Lipstick,https://www.blinkit.com/cn/lipstick/cid/13/1611
BB & CC cream,https://www.blinkit.com/cn/bb-cc-cream/cid/13/208
Makeup brushes,https://www.blinkit.com/cn/makeup-brushes/cid/13/215
Compact,https://www.blinkit.com/cn/compact/cid/13/218
Foundation,https://www.blinkit.com/cn/foundation/cid/13/207
Nail color remover,https://www.blinkit.com/cn/nail-color-remover/cid/13/1725
After shave,https://www.blinkit.com/cn/after-shave/cid/13/309
Hair color,https://www.blinkit.com/cn/hair-color/cid/13/247
Nail color/paints,https://www.blinkit.com/cn/nail-colorpaints/cid/13/1123
Primer,https://www.blinkit.com/cn/primer/cid/13/214
Hair tools & accessories,https://www.blinkit.com/cn/hair-tools-accessories/cid/13/159
Eye accessories,https://www.blinkit.com/cn/eye-accessories/cid/13/186
Nail accessories,https://www.blinkit.com/cn/nail-accessories/cid/13/170
Body accessories,https://www.blinkit.com/cn/body-accessories/cid/13/160
Face Accessories,https://www.blinkit.com/cn/face-accessories/cid/13/171
Hair Serum,https://www.blinkit.com/cn/hair-serum/cid/13/1604
Hair Oil,https://www.blinkit.com/cn/hair-oil/cid/13/1016
Hair Mask,https://www.blinkit.com/cn/hair-mask/cid/13/329
Women's Razors & Trimmers,https://www.blinkit.com/cn/womens-razors-trimmers/cid/13/339
Hair Removal,https://www.blinkit.com/cn/hair-removal/cid/13/703
Facial Kit,https://www.blinkit.com/cn/facial-kit/cid/13/344
"Lip Scrubs, Masks & Serums",https://www.blinkit.com/cn/lip-scrubs-masks-serums/cid/13/369
Lip Balm,https://www.blinkit.com/cn/lip-balm/cid/13/276
Eye Creams & Masks,https://www.blinkit.com/cn/eye-creams-masks/cid/13/237
Lip Tint,https://www.blinkit.com/cn/lip-tint/cid/13/260
Lip Primer,https://www.blinkit.com/cn/lip-primer/cid/13/141
Lip Liner,https://www.blinkit.com/cn/lip-liner/cid/13/121
Lip Gloss,https://www.blinkit.com/cn/lip-gloss/cid/13/124
Shampoo,https://www.blinkit.com/cn/shampoo/cid/13/223
"Hair Spray, Gel & Wax",https://www.blinkit.com/cn/hair-spray-gel-wax/cid/13/246
"Hair Oil, Masks & Serums",https://www.blinkit.com/cn/hair-oil-masks-serums/cid/13/245
Conditioners,https://www.blinkit.com/cn/conditioners/cid/13/235
Fragrance Gift Sets,https://www.blinkit.com/cn/fragrance-gift-sets/cid/13/588
Women's Fragrance,https://www.blinkit.com/cn/womens-fragrance/cid/13/753
Men's Fragrance,https://www.blinkit.com/cn/mens-fragrance/cid/13/754
Makeup Fixer,https://www.blinkit.com/cn/makeup-fixer/cid/13/935
Contour & Bronzer,https://www.blinkit.com/cn/contour-bronzer/cid/13/248
Concealer,https://www.blinkit.com/cn/concealer/cid/13/213
Toners & Mists,https://www.blinkit.com/cn/toners-mists/cid/13/240
Face Cream & Gel,https://www.blinkit.com/cn/face-cream-gel/cid/13/164
Cheese,https://www.blinkit.com/cn/cheese/cid/14/33
Curd & Yogurt,https://www.blinkit.com/cn/curd-yogurt/cid/14/123
Condensed Milk,https://www.blinkit.com/cn/condensed-milk/cid/14/130
Gourmet Cheese,https://www.blinkit.com/cn/gourmet-cheese/cid/14/185
Buns & Pav,https://www.blinkit.com/cn/buns-pav/cid/14/279
Milk,https://www.blinkit.com/cn/milk/cid/14/922
Paneer & Tofu,https://www.blinkit.com/cn/paneer-tofu/cid/14/923
Butter & More,https://www.blinkit.com/cn/butter-more/cid/14/952
Bread,https://www.blinkit.com/cn/bread/cid/14/953
Cream & Whitener,https://www.blinkit.com/cn/cream-whitener/cid/14/1092
Oats,https://www.blinkit.com/cn/oats/cid/14/584
Granola,https://www.blinkit.com/cn/granola/cid/14/613
Muesli,https://www.blinkit.com/cn/muesli/cid/14/1307
Kids Cereals,https://www.blinkit.com/cn/kids-cereals/cid/14/1739
Flakes,https://www.blinkit.com/cn/flakes/cid/14/1098
Curd,https://www.blinkit.com/cn/curd/cid/14/949
Yogurt,https://www.blinkit.com/cn/yogurt/cid/14/1094
Eggs,https://www.blinkit.com/cn/eggs/cid/14/1200
Peanut Butter,https://www.blinkit.com/cn/peanut-butter/cid/14/644
Poha,https://www.blinkit.com/cn/poha/cid/14/1288
Chocolate Spreads,https://www.blinkit.com/cn/chocolate-spreads/cid/14/504
Honey,https://www.blinkit.com/cn/honey/cid/14/610
Energy Bars,https://www.blinkit.com/cn/energy-bars/cid/15/152
Breakfast Cereal,https://www.blinkit.com/cn/breakfast-cereal/cid/15/954
Noodles,https://www.blinkit.com/cn/noodles/cid/15/962
Soup,https://www.blinkit.com/cn/soup/cid/15/964
Instant Mixes,https://www.blinkit.com/cn/instant-mixes/cid/15/965
Pasta,https://www.blinkit.com/cn/pasta/cid/15/968
Plant Based Meat,https://www.blinkit.com/cn/plant-based-meat/cid/15/1127
Vermicelli,https://www.blinkit.com/cn/vermicelli/cid/15/1140
Ready to Eat,https://www.blinkit.com/cn/ready-to-eat/cid/15/1294
Frozen Non-Veg Snacks,https://www.blinkit.com/cn/frozen-non-veg-snacks/cid/15/1412
Frozen Veg Snacks,https://www.blinkit.com/cn/frozen-veg-snacks/cid/15/1413
Batter,https://www.blinkit.com/cn/batter/cid/15/1425
Herbs & Seasoning,https://www.blinkit.com/cn/herbs-seasoning/cid/15/1968
Moong & Masoor,https://www.blinkit.com/cn/moong-masoor/cid/16/505
Rice,https://www.blinkit.com/cn/rice/cid/16/1161
"Besan, Sooji & Maida",https://www.blinkit.com/cn/besan-sooji-maida/cid/16/1166
"Poha, Daliya & Other Grains",https://www.blinkit.com/cn/poha-daliya-other-grains/cid/16/1295
"Rajma, Chhole & Others",https://www.blinkit.com/cn/rajma-chhole-others/cid/16/1573
Urad,https://www.blinkit.com/cn/urad/cid/16/1197
Pesticide-Free Pulses,https://www.blinkit.com/cn/pesticide-free-pulses/cid/16/11
Chana,https://www.blinkit.com/cn/chana/cid/16/1702
Toor,https://www.blinkit.com/cn/toor/cid/16/1010
Arhar,https://www.blinkit.com/cn/arhar/cid/16/1195
Sonamasuri & Kolam Rice,https://www.blinkit.com/cn/sonamasuri-kolam-rice/cid/16/1192
Ponni Rice,https://www.blinkit.com/cn/ponni-rice/cid/16/1482
Basmati Rice,https://www.blinkit.com/cn/basmati-rice/cid/16/1164
Soya,https://www.blinkit.com/cn/soya/cid/16/1297
Rajma,https://www.blinkit.com/cn/rajma/cid/16/1198
Flours,https://www.blinkit.com/cn/flours/cid/16/48
Moong,https://www.blinkit.com/cn/moong/cid/16/1196
Sooji,https://www.blinkit.com/cn/sooji/cid/16/1194
Maida,https://www.blinkit.com/cn/maida/cid/16/1483
Besan,https://www.blinkit.com/cn/besan/cid/16/1193
Atta,https://www.blinkit.com/cn/atta/cid/16/1165
Kabuli Chana,https://www.blinkit.com/cn/kabuli-chana/cid/16/8
Dried Peas,https://www.blinkit.com/cn/dried-peas/cid/16/1009
Shoe Polish & Brush,https://www.blinkit.com/cn/shoe-polish-brush/cid/18/57
Detergent Powder & Bars,https://www.blinkit.com/cn/detergent-powder-bars/cid/18/983
Laundry Additives,https://www.blinkit.com/cn/laundry-additives/cid/18/985
Toilet Cleaners & More,https://www.blinkit.com/cn/toilet-cleaners-more/cid/18/987
Liquid Detergents,https://www.blinkit.com/cn/liquid-detergents/cid/18/1077
Cleaning Tools,https://www.blinkit.com/cn/cleaning-tools/cid/18/1082
Disinfectant & More,https://www.blinkit.com/cn/disinfectant-more/cid/18/1784
Garbage Bags,https://www.blinkit.com/cn/garbage-bags/cid/18/1833
Car Fresheners,https://www.blinkit.com/cn/car-fresheners/cid/18/1089
Air Fresheners,https://www.blinkit.com/cn/air-fresheners/cid/18/982
Floor Cleaners & More,https://www.blinkit.com/cn/floor-cleaners-more/cid/18/51
Multi-Purpose Disinfectants,https://www.blinkit.com/cn/multi-purpose-disinfectants/cid/18/1983
Dishwashing Gels & Powders,https://www.blinkit.com/cn/dishwashing-gels-powders/cid/18/1078
Dishwashing Bars,https://www.blinkit.com/cn/dishwashing-bars/cid/18/988
Scrubbers & Cleaning Aids,https://www.blinkit.com/cn/scrubbers-cleaning-aids/cid/18/1079
Dishwashing Accessories,https://www.blinkit.com/cn/dishwashing-accessories/cid/18/986
Detergent Bars,https://www.blinkit.com/cn/detergent-bars/cid/18/984
Detergent Powder & Bars,https://www.blinkit.com/cn/detergent-powder-bars/cid/18/54
Brooms & Mops,https://www.blinkit.com/cn/brooms-mops/cid/18/1280
Wipers,https://www.blinkit.com/cn/wipers/cid/18/1271
Antivirus,https://www.blinkit.com/cn/antivirus/cid/416/58
System Utilities,https://www.blinkit.com/cn/system-utilities/cid/416/60
Shampoo & Conditioner,https://www.blinkit.com/cn/shampoo-conditioner/cid/163/166
Body Moisturizers & More,https://www.blinkit.com/cn/body-moisturizers-more/cid/163/690
Hair Colour & More,https://www.blinkit.com/cn/hair-colour-more/cid/163/691
Men's Grooming,https://www.blinkit.com/cn/mens-grooming/cid/163/692
Cosmetics,https://www.blinkit.com/cn/cosmetics/cid/163/693
Soaps,https://www.blinkit.com/cn/soaps/cid/163/696
Hand & Foot Care,https://www.blinkit.com/cn/hand-foot-care/cid/163/698
Handwash,https://www.blinkit.com/cn/handwash/cid/163/699
Hair Oil & Serum,https://www.blinkit.com/cn/hair-oil-serum/cid/163/702
Bath & Body Kits,https://www.blinkit.com/cn/bath-body-kits/cid/163/710
Oral Care,https://www.blinkit.com/cn/oral-care/cid/163/722
Feminine Care,https://www.blinkit.com/cn/feminine-care/cid/163/723
Shower Gels & Scrubs,https://www.blinkit.com/cn/shower-gels-scrubs/cid/163/981
Deodorants & Powders,https://www.blinkit.com/cn/deodorants-powders/cid/163/1115
Facial Care,https://www.blinkit.com/cn/facial-care/cid/163/1117
Women's Grooming,https://www.blinkit.com/cn/womens-grooming/cid/163/1893
Jewellery,https://www.blinkit.com/cn/jewellery/cid/163/1920
Baby Food,https://www.blinkit.com/cn/baby-food/cid/175/47
Snacks & Munchies,https://www.blinkit.com/cn/snacks-munchies/cid/175/82
Breakfast & More,https://www.blinkit.com/cn/breakfast-more/cid/175/96
Healthy Proteins,https://www.blinkit.com/cn/healthy-proteins/cid/175/97
Beverages,https://www.blinkit.com/cn/beverages/cid/175/655
Oil & Ghee,https://www.blinkit.com/cn/oil-ghee/cid/175/799
Pulses & Millets,https://www.blinkit.com/cn/pulses-millets/cid/175/800
Flour,https://www.blinkit.com/cn/flour/cid/175/801
Spices & Vinegar,https://www.blinkit.com/cn/spices-vinegar/cid/175/803
Dairy Products,https://www.blinkit.com/cn/dairy-products/cid/175/882
Veggies and Fruits,https://www.blinkit.com/cn/veggies-and-fruits/cid/175/919
Cookies & Wafers,https://www.blinkit.com/cn/cookies-wafers/cid/175/939
Cooking Essentials,https://www.blinkit.com/cn/cooking-essentials/cid/175/946
Chocolates & Candies,https://www.blinkit.com/cn/chocolates-candies/cid/175/1044
Sauces & Spreads,https://www.blinkit.com/cn/sauces-spreads/cid/175/1128
Noodles & Pasta,https://www.blinkit.com/cn/noodles-pasta/cid/175/1313
Tea & Coffee,https://www.blinkit.com/cn/tea-coffee/cid/175/1563
Rice & Rice Products,https://www.blinkit.com/cn/rice-rice-products/cid/175/1935
Organic Salt,https://www.blinkit.com/cn/organic-salt/cid/175/1936
"Dry Fruits, Nuts & Seeds",https://www.blinkit.com/cn/dry-fruits-nuts-seeds/cid/175/1937
Hookah Needs,https://www.blinkit.com/cn/hookah-needs/cid/229/173
Paan,https://www.blinkit.com/cn/paan/cid/229/342
Cigarettes & Tobacco,https://www.blinkit.com/cn/cigarettes-tobacco/cid/229/1948
Smoking Needs,https://www.blinkit.com/cn/smoking-needs/cid/229/1982
Healthcare Devices,https://www.blinkit.com/cn/healthcare-devices/cid/287/62
Cough & Cold,https://www.blinkit.com/cn/cough-cold/cid/287/75
Adult Nutritional Drinks,https://www.blinkit.com/cn/adult-nutritional-drinks/cid/287/2186
Personal Body Massagers,https://www.blinkit.com/cn/personal-body-massagers/cid/287/1350
Lubricants and Enhancers,https://www.blinkit.com/cn/lubricants-and-enhancers/cid/287/756
Wound Care And Pain Relief,https://www.blinkit.com/cn/wound-care-and-pain-relief/cid/287/155
Everyday Medicines,https://www.blinkit.com/cn/everyday-medicines/cid/287/289
Skin Treatment,https://www.blinkit.com/cn/skin-treatment/cid/287/199
Vitamins & Daily Nutrition,https://www.blinkit.com/cn/vitamins-daily-nutrition/cid/287/293
Smoking Cessation,https://www.blinkit.com/cn/smoking-cessation/cid/287/290
Digestive Care,https://www.blinkit.com/cn/digestive-care/cid/287/298
Supplements,https://www.blinkit.com/cn/supplements/cid/287/308
Adult Diapers,https://www.blinkit.com/cn/adult-diapers/cid/287/629
Condoms,https://www.blinkit.com/cn/condoms/cid/287/707
Other Pharma,https://www.blinkit.com/cn/other-pharma/cid/287/1120
Beauty Supplements,https://www.blinkit.com/cn/beauty-supplements/cid/287/295
Antiseptic Liquid,https://www.blinkit.com/cn/antiseptic-liquid/cid/287/1121
Masks & Sanitizers,https://www.blinkit.com/cn/masks-sanitizers/cid/287/1826
Pre & Post Workout,https://www.blinkit.com/cn/pre-post-workout/cid/287/306
Sexual Wellness,https://www.blinkit.com/cn/sexual-wellness/cid/287/741
Energy Drinks,https://www.blinkit.com/cn/energy-drinks/cid/332/19
Coldpress,https://www.blinkit.com/cn/coldpress/cid/332/91
Coconut Water,https://www.blinkit.com/cn/coconut-water/cid/332/1594
Concentrates & Syrups,https://www.blinkit.com/cn/concentrates-syrups/cid/332/109
Sharbat,https://www.blinkit.com/cn/sharbat/cid/332/24
Mango Drink,https://www.blinkit.com/cn/mango-drink/cid/332/1108
Flavored Milk,https://www.blinkit.com/cn/flavored-milk/cid/332/36
Lassi,https://www.blinkit.com/cn/lassi/cid/332/1093
Specialty Milk,https://www.blinkit.com/cn/specialty-milk/cid/332/1091
Soda,https://www.blinkit.com/cn/soda/cid/332/1600
Cold Drink in Bottles,https://www.blinkit.com/cn/cold-drink-in-bottles/cid/332/23
Cocktail Mixers/Tonic Waters,https://www.blinkit.com/cn/cocktail-mixerstonic-waters/cid/332/1103
Cold Drink in a Can,https://www.blinkit.com/cn/cold-drink-in-a-can/cid/332/1107
Ice Cubes,https://www.blinkit.com/cn/ice-cubes/cid/332/219
Mineral Water,https://www.blinkit.com/cn/mineral-water/cid/332/22
Non-Alcoholic Drinks,https://www.blinkit.com/cn/non-alcoholic-drinks/cid/332/1486
Glucose Energy Drink,https://www.blinkit.com/cn/glucose-energy-drink/cid/332/640
Water & Ice Cubes,https://www.blinkit.com/cn/water-ice-cubes/cid/332/270
Fruit Juices,https://www.blinkit.com/cn/fruit-juices/cid/332/955
Cold Coffee,https://www.blinkit.com/cn/cold-coffee/cid/332/412
Iced Tea,https://www.blinkit.com/cn/iced-tea/cid/332/93
100% Juice,https://www.blinkit.com/cn/100-juice/cid/332/1318
Soft Drinks,https://www.blinkit.com/cn/soft-drinks/cid/332/1102
Soda & Mixers,https://www.blinkit.com/cn/soda-mixers/cid/332/1599
Tubs,https://www.blinkit.com/cn/tubs/cid/1969/1962
Sticks,https://www.blinkit.com/cn/sticks/cid/1969/263
"Sandwiches, Cakes, and Other",https://www.blinkit.com/cn/sandwiches-cakes-and-other/cid/1969/333
Cups,https://www.blinkit.com/cn/cups/cid/1969/262
Cones,https://www.blinkit.com/cn/cones/cid/1969/1410
Cookies,https://www.blinkit.com/cn/cookies/cid/888/28
Cream Biscuits,https://www.blinkit.com/cn/cream-biscuits/cid/888/105
Rusks & Wafers,https://www.blinkit.com/cn/rusks-wafers/cid/888/107
Sweet & Salty,https://www.blinkit.com/cn/sweet-salty/cid/888/144
Glucose & Marie,https://www.blinkit.com/cn/glucose-marie/cid/888/209
Healthy & Digestive,https://www.blinkit.com/cn/healthy-digestive/cid/888/938
Baking Ingredients & Mixes,https://www.blinkit.com/cn/baking-ingredients-mixes/cid/888/971
Gourmet Bakery,https://www.blinkit.com/cn/gourmet-bakery/cid/888/1663
Specialty Breads,https://www.blinkit.com/cn/specialty-breads/cid/888/1097
Milk & White Breads,https://www.blinkit.com/cn/milk-white-breads/cid/888/31
Fresh Muffins & Cake,https://www.blinkit.com/cn/fresh-muffins-cake/cid/888/176
Fresh Bakery,https://www.blinkit.com/cn/fresh-bakery/cid/888/477
"Buns, Pavs & Pizza Base",https://www.blinkit.com/cn/buns-pavs-pizza-base/cid/888/1956
Brown & Multigrain Breads,https://www.blinkit.com/cn/brown-multigrain-breads/cid/888/198
Cooking Sauces & Paste,https://www.blinkit.com/cn/cooking-sauces-paste/cid/972/929
Dips & Spreads,https://www.blinkit.com/cn/dips-spreads/cid/972/974
Jams,https://www.blinkit.com/cn/jams/cid/972/975
Honey,https://www.blinkit.com/cn/honey/cid/972/976
Chocolate Spreads,https://www.blinkit.com/cn/chocolate-spreads/cid/972/978
Chutney & Pickle,https://www.blinkit.com/cn/chutney-pickle/cid/972/1126
Asian Sauces,https://www.blinkit.com/cn/asian-sauces/cid/972/1130
Tomato & Chilli Ketchups,https://www.blinkit.com/cn/tomato-chilli-ketchups/cid/972/1131
Chyawanprash,https://www.blinkit.com/cn/chyawanprash/cid/972/1135
Salad Dressings,https://www.blinkit.com/cn/salad-dressings/cid/972/1375
Peanut Butter,https://www.blinkit.com/cn/peanut-butter/cid/972/1918
Namkeen Snacks,https://www.blinkit.com/cn/namkeen-snacks/cid/1237/29
Papad & Fryums,https://www.blinkit.com/cn/papad-fryums/cid/1237/80
Popcorn,https://www.blinkit.com/cn/popcorn/cid/1237/156
Nachos,https://www.blinkit.com/cn/nachos/cid/1237/316
Healthy Snacks,https://www.blinkit.com/cn/healthy-snacks/cid/1237/816
Chips & Crisps,https://www.blinkit.com/cn/chips-crisps/cid/1237/940
Bhujia & Mixtures,https://www.blinkit.com/cn/bhujia-mixtures/cid/1237/1178
Soft Toys & Greeting Cards,https://www.blinkit.com/cn/soft-toys-greeting-cards/cid/1379/394
Games,https://www.blinkit.com/cn/games/cid/1379/1868
Collectible Toy Guns & Accessories,https://www.blinkit.com/cn/collectible-toy-guns-accessories/cid/1379/596
DIY and Learning,https://www.blinkit.com/cn/diy-and-learning/cid/1379/591
Bags,https://www.blinkit.com/cn/bags/cid/1379/120
Party Essentials,https://www.blinkit.com/cn/party-essentials/cid/1379/126
Kids Toys & More,https://www.blinkit.com/cn/kids-toys-more/cid/1379/305
Repellents,https://www.blinkit.com/cn/repellents/cid/1379/926
Bathroom Essentials,https://www.blinkit.com/cn/bathroom-essentials/cid/1379/1014
Pooja Needs,https://www.blinkit.com/cn/pooja-needs/cid/1379/1048
Stationery Needs,https://www.blinkit.com/cn/stationery-needs/cid/1379/1049
Kitchen & Dining Needs,https://www.blinkit.com/cn/kitchen-dining-needs/cid/1379/1052
Tissues & Disposables,https://www.blinkit.com/cn/tissues-disposables/cid/1379/1075
Fresheners,https://www.blinkit.com/cn/fresheners/cid/1379/1085
Electrical Accessories,https://www.blinkit.com/cn/electrical-accessories/cid/1379/1187
Electronic Accessories,https://www.blinkit.com/cn/electronic-accessories/cid/1379/1387
Home Decor & Storage,https://www.blinkit.com/cn/home-decor-storage/cid/1379/1433
Festive & Occasion Needs,https://www.blinkit.com/cn/festive-occasion-needs/cid/1379/1674
"Clothing, Footwear & Accessories",https://www.blinkit.com/cn/clothing-footwear-accessories/cid/1379/1715
Home & Kitchen Appliances,https://www.blinkit.com/cn/home-kitchen-appliances/cid/1379/1886
Books,https://www.blinkit.com/cn/books/cid/1379/1970
"Sports, Fitness & Outdoors",https://www.blinkit.com/cn/sports-fitness-outdoors/cid/1379/1992
Trimmers,https://www.blinkit.com/cn/trimmers/cid/1379/2108
Hair Dryer,https://www.blinkit.com/cn/hair-dryer/cid/1379/2109
Weighing Machines & Massagers,https://www.blinkit.com/cn/weighing-machines-massagers/cid/1379/2110
Mixer Grinders,https://www.blinkit.com/cn/mixer-grinders/cid/1379/1882
Fans,https://www.blinkit.com/cn/fans/cid/1379/2106
Electric Kettles,https://www.blinkit.com/cn/electric-kettles/cid/1379/2111
Choppers,https://www.blinkit.com/cn/choppers/cid/1379/1068
Iron,https://www.blinkit.com/cn/iron/cid/1379/1890
Toasters,https://www.blinkit.com/cn/toasters/cid/1379/1883
Clocks & Calculators,https://www.blinkit.com/cn/clocks-calculators/cid/1379/2107
Exotics & Premium,https://www.blinkit.com/cn/exotics-premium/cid/1487/278
Freshly Cut & Sprouts,https://www.blinkit.com/cn/freshly-cut-sprouts/cid/1487/395
Gourmet Mushroom,https://www.blinkit.com/cn/gourmet-mushroom/cid/1487/482
Organic & Hydroponic,https://www.blinkit.com/cn/organic-hydroponic/cid/1487/742
Combo Offer,https://www.blinkit.com/cn/combo-offer/cid/1487/928
Fruits,https://www.blinkit.com/cn/fruits/cid/1487/1503
Flowers & Leaves,https://www.blinkit.com/cn/flowers-leaves/cid/1487/1452
Fresh Juice & Dips,https://www.blinkit.com/cn/fresh-juice-dips/cid/1487/1941
Frozen Indian Breads,https://www.blinkit.com/cn/frozen-indian-breads/cid/1487/116
Frozen Veg,https://www.blinkit.com/cn/frozen-veg/cid/1487/157
Fresh Vegetables,https://www.blinkit.com/cn/fresh-vegetables/cid/1487/1489
Frozen Peas & Corn,https://www.blinkit.com/cn/frozen-peas-corn/cid/1487/172
Frozen Potato Snacks,https://www.blinkit.com/cn/frozen-potato-snacks/cid/1487/122
Other Frozen Vegetables,https://www.blinkit.com/cn/other-frozen-vegetables/cid/1487/222
Hydroponics,https://www.blinkit.com/cn/hydroponics/cid/1487/39
Leafies & Herbs,https://www.blinkit.com/cn/leafies-herbs/cid/1487/1871
Other Frozen Snacks,https://www.blinkit.com/cn/other-frozen-snacks/cid/1487/125
Powdered Masala,https://www.blinkit.com/cn/powdered-masala/cid/1557/50
Dates & Seeds,https://www.blinkit.com/cn/dates-seeds/cid/1557/815
Whole Spices,https://www.blinkit.com/cn/whole-spices/cid/1557/930
"Salt, Sugar & Jaggery",https://www.blinkit.com/cn/salt-sugar-jaggery/cid/1557/933
Ghee & Vanaspati,https://www.blinkit.com/cn/ghee-vanaspati/cid/1557/1158
Dry Fruits,https://www.blinkit.com/cn/dry-fruits/cid/1557/1160
Rattles,https://www.blinkit.com/cn/rattles/cid/675/739
Light & Musical Toys,https://www.blinkit.com/cn/light-musical-toys/cid/675/680
Tents & Pools,https://www.blinkit.com/cn/tents-pools/cid/675/480
Sports Toys,https://www.blinkit.com/cn/sports-toys/cid/675/483
Teddy Bears,https://www.blinkit.com/cn/teddy-bears/cid/675/496
Cartoon Characters,https://www.blinkit.com/cn/cartoon-characters/cid/675/487
Animal Toys,https://www.blinkit.com/cn/animal-toys/cid/675/495
Novelty Toys,https://www.blinkit.com/cn/novelty-toys/cid/675/409
"Writing Pad Toys, Laptop Toys & Tablet Toys",https://www.blinkit.com/cn/writing-pad-toys-laptop-toys-tablet-toys/cid/675/499
Science Project Kits,https://www.blinkit.com/cn/science-project-kits/cid/675/500
Learning Toys,https://www.blinkit.com/cn/learning-toys/cid/675/677
Building & Block Toys,https://www.blinkit.com/cn/building-block-toys/cid/675/678
Dolls & Accessories,https://www.blinkit.com/cn/dolls-accessories/cid/675/242
Puzzles,https://www.blinkit.com/cn/puzzles/cid/675/479
Games for Adults,https://www.blinkit.com/cn/games-for-adults/cid/675/734
Cube Games,https://www.blinkit.com/cn/cube-games/cid/675/396
Card Games,https://www.blinkit.com/cn/card-games/cid/675/486
Board Games,https://www.blinkit.com/cn/board-games/cid/675/484
Slime,https://www.blinkit.com/cn/slime/cid/675/413
Clay & Dough,https://www.blinkit.com/cn/clay-dough/cid/675/474
Art & Craft Kits,https://www.blinkit.com/cn/art-craft-kits/cid/675/475
Remote Control Toys,https://www.blinkit.com/cn/remote-control-toys/cid/675/497
Model Toy Vehiclesme,https://www.blinkit.com/cn/model-toy-vehiclesme/cid/675/498
Battle Toys,https://www.blinkit.com/cn/battle-toys/cid/675/410
Action Figures,https://www.blinkit.com/cn/action-figures/cid/675/397
Toddler & Baby Toys,https://www.blinkit.com/cn/toddler-baby-toys/cid/675/683
Soft Toys,https://www.blinkit.com/cn/soft-toys/cid/675/257
Learning & Education Toys,https://www.blinkit.com/cn/learning-education-toys/cid/675/256
Dolls & Play Sets,https://www.blinkit.com/cn/dolls-play-sets/cid/675/266
"Cards, Puzzles & Board Games: Classic Entertainment for All",https://www.blinkit.com/cn/cards-puzzles-board-games-classic-entertainment-for-all/cid/675/258
Art & Craft Games,https://www.blinkit.com/cn/art-craft-games/cid/675/231
Action Toys & Toy Vehicles,https://www.blinkit.com/cn/action-toys-toy-vehicles/cid/675/151
Travel & Tourism Books,https://www.blinkit.com/cn/travel-tourism-books/cid/1559/210
Subject Reference & Learning Books,https://www.blinkit.com/cn/subject-reference-learning-books/cid/1559/392
Sports Books,https://www.blinkit.com/cn/sports-books/cid/1559/582
Society & Social Sciences Books,https://www.blinkit.com/cn/society-social-sciences-books/cid/1559/212
Self Help Books,https://www.blinkit.com/cn/self-help-books/cid/1559/515
Science & Technology Books,https://www.blinkit.com/cn/science-technology-books/cid/1559/201
Religion & Spirituality Books,https://www.blinkit.com/cn/religion-spirituality-books/cid/1559/570
Political Books,https://www.blinkit.com/cn/political-books/cid/1559/567
Poetry Books,https://www.blinkit.com/cn/poetry-books/cid/1559/563
History Books,https://www.blinkit.com/cn/history-books/cid/1559/583
"Health, Fitness & Nutrition Books",https://www.blinkit.com/cn/health-fitness-nutrition-books/cid/1559/519
Cook Books,https://www.blinkit.com/cn/cook-books/cid/1559/526
"Business, Economics & Finance Books",https://www.blinkit.com/cn/business-economics-finance-books/cid/1559/518
Analysis & Strategy Books,https://www.blinkit.com/cn/analysis-strategy-books/cid/1559/517
Activity Books for Adults,https://www.blinkit.com/cn/activity-books-for-adults/cid/1559/516
Short Stories Books,https://www.blinkit.com/cn/short-stories-books/cid/1559/366
Science Fiction Books,https://www.blinkit.com/cn/science-fiction-books/cid/1559/321
Romance Books,https://www.blinkit.com/cn/romance-books/cid/1559/1586
Mystery & Thriller Books,https://www.blinkit.com/cn/mystery-thriller-books/cid/1559/241
Literature / Classics Books,https://www.blinkit.com/cn/literature-classics-books/cid/1559/221
Humour Books,https://www.blinkit.com/cn/humour-books/cid/1559/265
Horror Books,https://www.blinkit.com/cn/horror-books/cid/1559/236
Historical & Mythological Books,https://www.blinkit.com/cn/historical-mythological-books/cid/1559/234
Fantasy Books,https://www.blinkit.com/cn/fantasy-books/cid/1559/233
Contemporary Books,https://www.blinkit.com/cn/contemporary-books/cid/1559/230
Action & Adventure Books,https://www.blinkit.com/cn/action-adventure-books/cid/1559/220
Children's Activity Books,https://www.blinkit.com/cn/childrens-activity-books/cid/1559/512
Non Fiction Books,https://www.blinkit.com/cn/non-fiction-books/cid/1559/275
Manga & Graphic Novels,https://www.blinkit.com/cn/manga-graphic-novels/cid/1559/216
Fiction Books,https://www.blinkit.com/cn/fiction-books/cid/1559/274
Children's Books,https://www.blinkit.com/cn/childrens-books/cid/1559/273
Biographies & Memoirs,https://www.blinkit.com/cn/biographies-memoirs/cid/1559/217
Print Store,https://www.blinkit.com/print
Rakhi Gifts,https://www.blinkit.com/dc/?collection_uuid=4981b5da-20ea-439a-bd29-4a13e3b59f82
E-Gift Cards,https://www.blinkit.com/cn/e-cards/cid/416/4301
